--				     [ FIAT CURRENCIES EXCHANGE ]
INSERT INTO exchanges (slug, name, url_www, url_api, is_active, version, timeout, rate_limit) VALUES 
('forex', 'Forex', 'https://www.forex.com/', 'https://www.forex.com', true, null, 1000, 1000);

--				      [ FIAT CURRENCIES ASSETS ]
INSERT INTO assets (name, id, symbol, type_id) VALUES 
('Afghani',				 		'5d8ac77faba0a2267e9284c4',  	 'afn',		 1),
('Algerian Dinar',			 		'5d8ac77f7342fc24cc67b90c',  	 'dzd',		 1),
('Argentine Peso',			 		'5d8ac77fad6b1e79e5efb81e',  	 'ars',		 1),
('Armenian Dram',			 		'5d8ac77fe02442a3b1ba5972',  	 'amd',		 1),
('Aruban Florin',			 		'5d8ac77fbbd460b5ae7b6302',  	 'awg',		 1),
('Australian Dollar',			 		'5d8ac77fe27a4c7732389868',  	 'aud',		 1),
('Azerbaijan Manat',			 		'5d8ac77fc732b6814e71f831',  	 'azn',		 1),
('Bahamian Dollar',			 		'5d8ac77f5582a04c28c3a31a',  	 'bsd',		 1),
('Bahraini Dinar',			 		'5d8ac77faf728cdbc3f4a53e',  	 'bhd',		 1),
('Baht',				 		'5d8ac77f0811eb919b9805fd',  	 'thb',		 1),
('Balboa',				 		'5d8ac77f13e3dc5ae64c5c46',  	 'pab',		 1),
('Barbados Dollar',			 		'5d8ac77f4302095df9ec7cfb',  	 'bbd',		 1),
('Belarusian Ruble',			 		'5d8ac77f51f7420f3e2d45ac',  	 'byn',		 1),
('Belize Dollar',			 		'5d8ac77f62860661076f425b',  	 'bzd',		 1),
('Bermudian Dollar',			 		'5d8ac77f3bde8dded8c1ac84',  	 'bmd',		 1),
('Bolívar',				 		'5d8ac77ff4dd3681fae9375a',  	 'vef',		 1),
('Boliviano',				 		'5d8ac77f5a1f3dace0c98801',  	 'bob',		 1),
('Brazilian Real',			 		'5d8ac77f9e55c892561c735f',  	 'brl',		 1),
('Brunei Dollar',			 		'5d8ac77f4bb00649eaaf608b',  	 'bnd',		 1),
('Bulgarian Lev',			 		'5d8ac77f75b36d863cabdecc',  	 'bgn',		 1),
('Burundi Franc',			 		'5d8ac77fbc53091309754f06',  	 'bif',		 1),
('Cabo Verde Escudo',			 		'5d8ac77ff6bcb88ca0dc3b5c',  	 'cve',		 1),
('Canadian Dollar',			 		'5d8ac77fe14d0131529afe9f',  	 'cad',		 1),
('Cayman Islands Dollar',		 		'5d8ac77f7f8dec201cf47dc1',  	 'kyd',		 1),
('CFA Franc BCEAO',			 		'5d8ac77ff71d17e4ba32601a',  	 'xof',		 1),
('CFP Franc',				 		'5d8ac77f28b2b5ff41ec5401',  	 'xpf',		 1),
('Chilean Peso',			 		'5d8ac77f1dc9bbb56aaf4667',  	 'clp',		 1),
('Colombian Peso',			 		'5d8ac77fcf5914115da5a759',  	 'cop',		 1),
('Comorian Franc',			 		'5d8ac77fd532f00763c39fdd',  	 'kmf',		 1),
('Congolese Franc',			 		'5d8ac77ff8d1e27311408a8c',  	 'cdf',		 1),
('Convertible Mark',			 		'5d8ac77f4cca874b0330e505',  	 'bam',		 1),
('Cordoba Oro',				 		'5d8ac77f8fdc72e7eb0fc4f3',  	 'nio',		 1),
('Costa Rican Colon',			 		'5d8ac77f58e14cb1010aa2ad',  	 'crc',		 1),
('Cuban Peso',				 		'5d8ac77fd6f0f0b7defa032c',  	 'cup',		 1),
('Czech Koruna',			 		'5d8ac77fc35597a92276da25',  	 'czk',		 1),
('Dalasi',				 		'5d8ac77f5dcf8cd26fc96696',  	 'gmd',		 1),
('Danish Krone',			 		'5d8ac77f2eca630de4c3dd3b',  	 'dkk',		 1),
('Denar',				 		'5d8ac77ff7364948a6a33934',  	 'mkd',		 1),
('Djibouti Franc',			 		'5d8ac77f57feaa0c2eec269c',  	 'djf',		 1),
('Dobra',				 		'5d8ac77fdbc76229349c0f2b',  	 'std',		 1),
('Dominican Peso',			 		'5d8ac77fdd5028f78313e690',  	 'dop',		 1),
('Dong',				 		'5d8ac77fa46f46635e428eb8',  	 'vnd',		 1),
('East Caribbean Dollar',		 		'5d8ac77f3b89e3c08cf47d06',  	 'xcd',		 1),
('Egyptian Pound',			 		'5d8ac77fa75e2e9aff128446',  	 'egp',		 1),
('El Salvador Colon',			 		'5d8ac77fa7941ebb381e9954',  	 'svc',		 1),
('Ethiopian Birr',			 		'5d8ac77f2d8cb116fe31689f',  	 'etb',		 1),
('Euro',				 		'5d8ac77fa31d049dde4c0158',  	 'eur',		 1),
('Fiji Dollar',				 		'5d8ac77f6d999aabe86d2739',  	 'fjd',		 1),
('Forint',				 		'5d8ac77f26f324efa498b44b',  	 'huf',		 1),
('Ghana Cedi',				 		'5d8ac77fa084c59e9a16a513',  	 'ghs',		 1),
('Gibraltar Pound',			 		'5d8ac77f579b58d5e7eafba8',  	 'gip',		 1),
('Gourde',				 		'5d8ac77f71cdc53c6f10a915',  	 'htg',		 1),
('Guarani',				 		'5d8ac77f7d2728ed86d917fb',  	 'pyg',		 1),
('Guinean Franc',			 		'5d8ac77f9cbf48a4dcb4f2e2',  	 'gnf',		 1),
('Guyana Dollar',			 		'5d8ac77f3f209a7a2823abc0',  	 'gyd',		 1),
('Hong Kong Dollar',			 		'5d8ac77fb91457eb72bac69e',  	 'hkd',		 1),
('Hryvnia',				 		'5d8ac77fa5616ebde18c4107',  	 'uah',		 1),
('Iceland Krona',			 		'5d8ac77f54674aea2c10f527',  	 'isk',		 1),
('Indian Rupee',			 		'5d8ac77f0204c04a85a6b027',  	 'inr',		 1),
('Iranian Rial',			 		'5d8ac77f2379e2dbed42c230',  	 'irr',		 1),
('Iraqi Dinar',				 		'5d8ac77f397933117dabf16b',  	 'iqd',		 1),
('Jamaican Dollar',			 		'5d8ac77f88760cc2b5d457f1',  	 'jmd',		 1),
('Jordanian Dinar',			 		'5d8ac77f3ba300da34538b11',  	 'jod',		 1),
('Kenyan Shilling',			 		'5d8ac77f3d3c6ddea905d20c',  	 'kes',		 1),
('Kina',				 		'5d8ac77f81c3ebfdedcbf67f',  	 'pgk',		 1),
('Kuna',				 		'5d8ac77f9ec44dc3f5692948',  	 'hrk',		 1),
('Kuwaiti Dinar',			 		'5d8ac77f08306bcbb2839585',  	 'kwd',		 1),
('Kwanza',				 		'5d8ac77f812670e94c12c3d6',  	 'aoa',		 1),
('Kyat',				 		'5d8ac77fb14e31c57aa4b238',  	 'mmk',		 1),
('Lao Kip',				 		'5d8ac77f550917397dc8771d',  	 'lak',		 1),
('Lari',				 		'5d8ac77f31f7eeb844868d43',  	 'gel',		 1),
('Lebanese Pound',			 		'5d8ac77fc3273123bc7b0e1e',  	 'lbp',		 1),
('Lek',					 		'5d8ac77f20eedd4ed77189dd',  	 'all',		 1),
('Lempira',				 		'5d8ac77f6938fc5ed85da612',  	 'hnl',		 1),
('Leone',				 		'5d8ac77fac78089d544f3a5e',  	 'sll',		 1),
('Liberian Dollar',			 		'5d8ac77fdaff52d82f63602f',  	 'lrd',		 1),
('Libyan Dinar',			 		'5d8ac77fa5827a150ea55b20',  	 'lyd',		 1),
('Lilangeni',				 		'5d8ac77fa211354923237883',  	 'szl',		 1),
('Loti',				 		'5d8ac77f9a14d40138a3257e',  	 'lsl',		 1),
('Malagasy Ariary',			 		'5d8ac77f502a700f4b2a78a6',  	 'mga',		 1),
('Malawi Kwacha',			 		'5d8ac77f094d9936ef492fd6',  	 'mwk',		 1),
('Malaysian Ringgit',			 		'5d8ac77f9dd7a95a8a6673ac',  	 'myr',		 1),
('Mauritius Rupee',			 		'5d8ac77f8fb1b4888a35fbc9',  	 'mur',		 1),
('Mexican Peso',			 		'5d8ac77ff2eddb489bc94fc5',  	 'mxn',		 1),
('Moldovan Leu',			 		'5d8ac77f44a33e58cee60301',  	 'mdl',		 1),
('Moroccan Dirham',			 		'5d8ac77f7f4c23e46b5725ab',  	 'mad',		 1),
('Mozambique Metical',			 		'5d8ac77f0db0f06e015707f5',  	 'mzn',		 1),
('Naira',				 		'5d8ac77f432ed17c6b7b6c2a',  	 'ngn',		 1),
('Nakfa',				 		'5d8ac77f3b27a13c0f710d1a',  	 'ern',		 1),
('Namibia Dollar',			 		'5d8ac77f77566f804acc0b36',  	 'nad',		 1),
('Nepalese Rupee',			 		'5d8ac77ff39a24fa837d1cce',  	 'npr',		 1),
('Netherlands Antillean Guilder',	 		'5d8ac77ff093945eab398b66',  	 'ang',		 1),
('New Israeli Sheqel',			 		'5d8ac77ff313dc19abf4ab5c',  	 'ils',		 1),
('Ngultrum',				 		'5d8ac77f645cfebccc7d46e9',  	 'btn',		 1),
('North Korean Won',			 		'5d8ac77f153be66a35758e74',  	 'kpw',		 1),
('Norwegian Krone',			 		'5d8ac77f9904ab8db11c5685',  	 'nok',		 1),
('Ouguiya',				 		'5d8ac77ff0926cd95866dc83',  	 'mro',		 1),
('Pa’anga',				 		'5d8ac77f6503d64d0e59db76',  	 'top',		 1),
('Pakistan Rupee',			 		'5d8ac77ffb60002082c16b6d',  	 'pkr',		 1),
('Pataca',				 		'5d8ac77f8d2d6d7cb044b405',  	 'mop',		 1),
('Peso Convertible',			 		'5d8ac77f54d13f30488a0d9b',  	 'cuc',		 1),
('Peso Uruguayo',			 		'5d8ac77f9eba97d8f794b84d',  	 'uyu',		 1),
('Philippine Piso',			 		'5d8ac77fdec14f9f99b6dfd1',  	 'php',		 1),
('Pound Sterling',			 		'5d8ac77ff2e24222a2434d02',  	 'gbp',		 1),
('Pula',				 		'5d8ac77f5d87b08af2071387',  	 'bwp',		 1),
('Qatari Rial',				 		'5d8ac77ffaf0b565c0cbb5b2',  	 'qar',		 1),
('Quetzal',				 		'5d8ac77f4724c3d57c7bc0cd',  	 'gtq',		 1),
('Rand',				 		'5d8ac77fc6c1ed4bcced2385',  	 'zar',		 1),
('Rial Omani',				 		'5d8ac77f6e678ede7fc61838',  	 'omr',		 1),
('Riel',				 		'5d8ac77fe8270b468781c2d6',  	 'khr',		 1),
('Romanian Leu',			 		'5d8ac77fbd849eb8194cd9be',  	 'ron',		 1),
('Rufiyaa',				 		'5d8ac77fcba7171357f95aa7',  	 'mvr',		 1),
('Rupiah',				 		'5d8ac77fc582fc88021e8c91',  	 'idr',		 1),
('Russian Ruble',			 		'5d8ac77f9ccf146aa980bc78',  	 'rub',		 1),
('Rwanda Franc',			 		'5d8ac77fd84b7eefed609648',  	 'rwf',		 1),
('Saint Helena Pound',			 		'5d8ac77f6047f32bfd0becdb',  	 'shp',		 1),
('Saudi Riyal',				 		'5d8ac77f279748f9a982fa36',  	 'sar',		 1),
('Serbian Dinar',			 		'5d8ac77f7ed5247fa8814abd',  	 'rsd',		 1),
('Seychelles Rupee',			 		'5d8ac77f18ef44eaaefa7d13',  	 'scr',		 1),
('Singapore Dollar',			 		'5d8ac77f9a3ab1da08685741',  	 'sgd',		 1),
('Solomon Islands Dollar',		 		'5d8ac77f47498be948a9aa15',  	 'sbd',		 1),
('Sol',					 		'5d8ac77f6cc3f97d4637598e',  	 'pen',		 1),
('Somali Shilling',			 		'5d8ac77fb46cd29e99464491',  	 'sos',		 1),
('Som',					 		'5d8ac77fcd41222645f72f09',  	 'kgs',		 1),
('Somoni',				 		'5d8ac77f007f9a6880dd1b92',  	 'tjs',		 1),
('South Sudanese Pound',		 		'5d8ac77f1279cd9dbab0c1cb',  	 'ssp',		 1),
('Sri Lanka Rupee',			 		'5d8ac77f317b0c980042ef02',  	 'lkr',		 1),
('Sudanese Pound',			 		'5d8ac77f055ef2ac4cbff24a',  	 'sdg',		 1),
('Surinam Dollar',			 		'5d8ac77ff5ec03801da36e85',  	 'srd',		 1),
('Swedish Krona',			 		'5d8ac77f3cb1136db7d3bad5',  	 'sek',		 1),
('Swiss Franc',				 		'5d8ac77f4c392c65c20f9e7b',  	 'chf',		 1),
('Syrian Pound',			 		'5d8ac77ff14444b4c62699ea',  	 'syp',		 1),
('Taka',				 		'5d8ac77fd20264582db09742',  	 'bdt',		 1),
('Tala',				 		'5d8ac77fd2c84703ef19fc85',  	 'wst',		 1),
('Tanzanian Shilling',			 		'5d8ac77fe5708eea2e56305c',  	 'tzs',		 1),
('Tenge',				 		'5d8ac77fa89c804d13740ab3',  	 'kzt',		 1),
('Trinidad and Tobago Dollar',		 		'5d8ac77f57bd6ececee00790',  	 'ttd',		 1),
('Tugrik',				 		'5d8ac77f121c97b6db25529c',  	 'mnt',		 1),
('Tunisian Dinar',			 		'5d8ac77ff6e3444106cf8bb0',  	 'tnd',		 1),
('Turkish Lira',			 		'5d8ac77f10369807c8adce0d',  	 'try',		 1),
('Turkmenistan New Manat',		 		'5d8ac77f26dade6cd1e76484',  	 'tmt',		 1),
('UAE Dirham',				 		'5d8ac77fee35742aa5516873',  	 'aed',		 1),
('Uganda Shilling',			 		'5d8ac77f72ec0420f7e377b0',  	 'ugx',		 1),
('US Dollar',				 		'5d8ac77f0e6c2f17c1087df9',  	 'usd',		 1),
('Uzbekistan Sum',			 		'5d8ac77f4c6bd02e854d38d8',  	 'uzs',		 1),
('Vatu',				 		'5d8ac77f9261c90acc80a03e',  	 'vuv',		 1),
('Won',					 		'5d8ac77ff26a6467c589f9d8',  	 'krw',		 1),
('Yemeni Rial',				 		'5d8ac77f1ba4ff132601daa5',  	 'yer',		 1),
('Yen',					 		'5d8ac77f9d3e625c8a48b201',  	 'jpy',		 1),
('Yuan Renminbi',			 		'5d8ac77f8cd1d80f1cc1682a',  	 'cny',		 1),
('Zambian Kwacha',			 		'5d8ac77f7e706b83da7916d2',  	 'zmw',		 1),
('Zimbabwe Dollar',			 		'5d8ac77fb8bf7869b0a54e37',  	 'zwl',		 1),
('Zloty',				 		'5d8ac77f636f665a75f9a8e9',  	 'pln',		 1);

--				        [ FIAT CURRENCIES INFO ]
INSERT INTO asset_infos (asset_id, color, description, last_update) VALUES 
('5d8ac77faba0a2267e9284c4',  	 '000000',	'',	0),
('5d8ac77f7342fc24cc67b90c',  	 '000000',	'',	0),
('5d8ac77fad6b1e79e5efb81e',  	 '000000',	'',	0),
('5d8ac77fe02442a3b1ba5972',  	 '000000',	'',	0),
('5d8ac77fbbd460b5ae7b6302',  	 '000000',	'',	0),
('5d8ac77fe27a4c7732389868',  	 '000000',	'',	0),
('5d8ac77fc732b6814e71f831',  	 '000000',	'',	0),
('5d8ac77f5582a04c28c3a31a',  	 '000000',	'',	0),
('5d8ac77faf728cdbc3f4a53e',  	 '000000',	'',	0),
('5d8ac77f0811eb919b9805fd',  	 '000000',	'',	0),
('5d8ac77f13e3dc5ae64c5c46',  	 '000000',	'',	0),
('5d8ac77f4302095df9ec7cfb',  	 '000000',	'',	0),
('5d8ac77f51f7420f3e2d45ac',  	 '000000',	'',	0),
('5d8ac77f62860661076f425b',  	 '000000',	'',	0),
('5d8ac77f3bde8dded8c1ac84',  	 '000000',	'',	0),
('5d8ac77ff4dd3681fae9375a',  	 '000000',	'',	0),
('5d8ac77f5a1f3dace0c98801',  	 '000000',	'',	0),
('5d8ac77f9e55c892561c735f',  	 '000000',	'',	0),
('5d8ac77f4bb00649eaaf608b',  	 '000000',	'',	0),
('5d8ac77f75b36d863cabdecc',  	 '000000',	'',	0),
('5d8ac77fbc53091309754f06',  	 '000000',	'',	0),
('5d8ac77ff6bcb88ca0dc3b5c',  	 '000000',	'',	0),
('5d8ac77fe14d0131529afe9f',  	 '000000',	'',	0),
('5d8ac77f7f8dec201cf47dc1',  	 '000000',	'',	0),
('5d8ac77ff71d17e4ba32601a',  	 '000000',	'',	0),
('5d8ac77f28b2b5ff41ec5401',  	 '000000',	'',	0),
('5d8ac77f1dc9bbb56aaf4667',  	 '000000',	'',	0),
('5d8ac77fcf5914115da5a759',  	 '000000',	'',	0),
('5d8ac77fd532f00763c39fdd',  	 '000000',	'',	0),
('5d8ac77ff8d1e27311408a8c',  	 '000000',	'',	0),
('5d8ac77f4cca874b0330e505',  	 '000000',	'',	0),
('5d8ac77f8fdc72e7eb0fc4f3',  	 '000000',	'',	0),
('5d8ac77f58e14cb1010aa2ad',  	 '000000',	'',	0),
('5d8ac77fd6f0f0b7defa032c',  	 '000000',	'',	0),
('5d8ac77fc35597a92276da25',  	 '000000',	'',	0),
('5d8ac77f5dcf8cd26fc96696',  	 '000000',	'',	0),
('5d8ac77f2eca630de4c3dd3b',  	 '000000',	'',	0),
('5d8ac77ff7364948a6a33934',  	 '000000',	'',	0),
('5d8ac77f57feaa0c2eec269c',  	 '000000',	'',	0),
('5d8ac77fdbc76229349c0f2b',  	 '000000',	'',	0),
('5d8ac77fdd5028f78313e690',  	 '000000',	'',	0),
('5d8ac77fa46f46635e428eb8',  	 '000000',	'',	0),
('5d8ac77f3b89e3c08cf47d06',  	 '000000',	'',	0),
('5d8ac77fa75e2e9aff128446',  	 '000000',	'',	0),
('5d8ac77fa7941ebb381e9954',  	 '000000',	'',	0),
('5d8ac77f2d8cb116fe31689f',  	 '000000',	'',	0),
('5d8ac77fa31d049dde4c0158',  	 '000000',	'',	0),
('5d8ac77f6d999aabe86d2739',  	 '000000',	'',	0),
('5d8ac77f26f324efa498b44b',  	 '000000',	'',	0),
('5d8ac77fa084c59e9a16a513',  	 '000000',	'',	0),
('5d8ac77f579b58d5e7eafba8',  	 '000000',	'',	0),
('5d8ac77f71cdc53c6f10a915',  	 '000000',	'',	0),
('5d8ac77f7d2728ed86d917fb',  	 '000000',	'',	0),
('5d8ac77f9cbf48a4dcb4f2e2',  	 '000000',	'',	0),
('5d8ac77f3f209a7a2823abc0',  	 '000000',	'',	0),
('5d8ac77fb91457eb72bac69e',  	 '000000',	'',	0),
('5d8ac77fa5616ebde18c4107',  	 '000000',	'',	0),
('5d8ac77f54674aea2c10f527',  	 '000000',	'',	0),
('5d8ac77f0204c04a85a6b027',  	 '000000',	'',	0),
('5d8ac77f2379e2dbed42c230',  	 '000000',	'',	0),
('5d8ac77f397933117dabf16b',  	 '000000',	'',	0),
('5d8ac77f88760cc2b5d457f1',  	 '000000',	'',	0),
('5d8ac77f3ba300da34538b11',  	 '000000',	'',	0),
('5d8ac77f3d3c6ddea905d20c',  	 '000000',	'',	0),
('5d8ac77f81c3ebfdedcbf67f',  	 '000000',	'',	0),
('5d8ac77f9ec44dc3f5692948',  	 '000000',	'',	0),
('5d8ac77f08306bcbb2839585',  	 '000000',	'',	0),
('5d8ac77f812670e94c12c3d6',  	 '000000',	'',	0),
('5d8ac77fb14e31c57aa4b238',  	 '000000',	'',	0),
('5d8ac77f550917397dc8771d',  	 '000000',	'',	0),
('5d8ac77f31f7eeb844868d43',  	 '000000',	'',	0),
('5d8ac77fc3273123bc7b0e1e',  	 '000000',	'',	0),
('5d8ac77f20eedd4ed77189dd',  	 '000000',	'',	0),
('5d8ac77f6938fc5ed85da612',  	 '000000',	'',	0),
('5d8ac77fac78089d544f3a5e',  	 '000000',	'',	0),
('5d8ac77fdaff52d82f63602f',  	 '000000',	'',	0),
('5d8ac77fa5827a150ea55b20',  	 '000000',	'',	0),
('5d8ac77fa211354923237883',  	 '000000',	'',	0),
('5d8ac77f9a14d40138a3257e',  	 '000000',	'',	0),
('5d8ac77f502a700f4b2a78a6',  	 '000000',	'',	0),
('5d8ac77f094d9936ef492fd6',  	 '000000',	'',	0),
('5d8ac77f9dd7a95a8a6673ac',  	 '000000',	'',	0),
('5d8ac77f8fb1b4888a35fbc9',  	 '000000',	'',	0),
('5d8ac77ff2eddb489bc94fc5',  	 '000000',	'',	0),
('5d8ac77f44a33e58cee60301',  	 '000000',	'',	0),
('5d8ac77f7f4c23e46b5725ab',  	 '000000',	'',	0),
('5d8ac77f0db0f06e015707f5',  	 '000000',	'',	0),
('5d8ac77f432ed17c6b7b6c2a',  	 '000000',	'',	0),
('5d8ac77f3b27a13c0f710d1a',  	 '000000',	'',	0),
('5d8ac77f77566f804acc0b36',  	 '000000',	'',	0),
('5d8ac77ff39a24fa837d1cce',  	 '000000',	'',	0),
('5d8ac77ff093945eab398b66',  	 '000000',	'',	0),
('5d8ac77ff313dc19abf4ab5c',  	 '000000',	'',	0),
('5d8ac77f645cfebccc7d46e9',  	 '000000',	'',	0),
('5d8ac77f153be66a35758e74',  	 '000000',	'',	0),
('5d8ac77f9904ab8db11c5685',  	 '000000',	'',	0),
('5d8ac77ff0926cd95866dc83',  	 '000000',	'',	0),
('5d8ac77f6503d64d0e59db76',  	 '000000',	'',	0),
('5d8ac77ffb60002082c16b6d',  	 '000000',	'',	0),
('5d8ac77f8d2d6d7cb044b405',  	 '000000',	'',	0),
('5d8ac77f54d13f30488a0d9b',  	 '000000',	'',	0),
('5d8ac77f9eba97d8f794b84d',  	 '000000',	'',	0),
('5d8ac77fdec14f9f99b6dfd1',  	 '000000',	'',	0),
('5d8ac77ff2e24222a2434d02',  	 '000000',	'',	0),
('5d8ac77f5d87b08af2071387',  	 '000000',	'',	0),
('5d8ac77ffaf0b565c0cbb5b2',  	 '000000',	'',	0),
('5d8ac77f4724c3d57c7bc0cd',  	 '000000',	'',	0),
('5d8ac77fc6c1ed4bcced2385',  	 '000000',	'',	0),
('5d8ac77f6e678ede7fc61838',  	 '000000',	'',	0),
('5d8ac77fe8270b468781c2d6',  	 '000000',	'',	0),
('5d8ac77fbd849eb8194cd9be',  	 '000000',	'',	0),
('5d8ac77fcba7171357f95aa7',  	 '000000',	'',	0),
('5d8ac77fc582fc88021e8c91',  	 '000000',	'',	0),
('5d8ac77f9ccf146aa980bc78',  	 '000000',	'',	0),
('5d8ac77fd84b7eefed609648',  	 '000000',	'',	0),
('5d8ac77f6047f32bfd0becdb',  	 '000000',	'',	0),
('5d8ac77f279748f9a982fa36',  	 '000000',	'',	0),
('5d8ac77f7ed5247fa8814abd',  	 '000000',	'',	0),
('5d8ac77f18ef44eaaefa7d13',  	 '000000',	'',	0),
('5d8ac77f9a3ab1da08685741',  	 '000000',	'',	0),
('5d8ac77f47498be948a9aa15',  	 '000000',	'',	0),
('5d8ac77f6cc3f97d4637598e',  	 '000000',	'',	0),
('5d8ac77fb46cd29e99464491',  	 '000000',	'',	0),
('5d8ac77fcd41222645f72f09',  	 '000000',	'',	0),
('5d8ac77f007f9a6880dd1b92',  	 '000000',	'',	0),
('5d8ac77f1279cd9dbab0c1cb',  	 '000000',	'',	0),
('5d8ac77f317b0c980042ef02',  	 '000000',	'',	0),
('5d8ac77f055ef2ac4cbff24a',  	 '000000',	'',	0),
('5d8ac77ff5ec03801da36e85',  	 '000000',	'',	0),
('5d8ac77f3cb1136db7d3bad5',  	 '000000',	'',	0),
('5d8ac77f4c392c65c20f9e7b',  	 '000000',	'',	0),
('5d8ac77ff14444b4c62699ea',  	 '000000',	'',	0),
('5d8ac77fd20264582db09742',  	 '000000',	'',	0),
('5d8ac77fd2c84703ef19fc85',  	 '000000',	'',	0),
('5d8ac77fe5708eea2e56305c',  	 '000000',	'',	0),
('5d8ac77fa89c804d13740ab3',  	 '000000',	'',	0),
('5d8ac77f57bd6ececee00790',  	 '000000',	'',	0),
('5d8ac77f121c97b6db25529c',  	 '000000',	'',	0),
('5d8ac77ff6e3444106cf8bb0',  	 '000000',	'',	0),
('5d8ac77f10369807c8adce0d',  	 '000000',	'',	0),
('5d8ac77f26dade6cd1e76484',  	 '000000',	'',	0),
('5d8ac77fee35742aa5516873',  	 '000000',	'',	0),
('5d8ac77f72ec0420f7e377b0',  	 '000000',	'',	0),
('5d8ac77f0e6c2f17c1087df9',  	 '000000',	'',	0),
('5d8ac77f4c6bd02e854d38d8',  	 '000000',	'',	0),
('5d8ac77f9261c90acc80a03e',  	 '000000',	'',	0),
('5d8ac77ff26a6467c589f9d8',  	 '000000',	'',	0),
('5d8ac77f1ba4ff132601daa5',  	 '000000',	'',	0),
('5d8ac77f9d3e625c8a48b201',  	 '000000',	'',	0),
('5d8ac77f8cd1d80f1cc1682a',  	 '000000',	'',	0),
('5d8ac77f7e706b83da7916d2',  	 '000000',	'',	0),
('5d8ac77fb8bf7869b0a54e37',  	 '000000',	'',	0),
('5d8ac77f636f665a75f9a8e9',  	 '000000',	'',	0);

--				      [ FIAT CURRENCIES MARKETS ]
INSERT INTO markets (exchange_slug, exchange_market_id, ticker_slug, base_id, quote_id, is_spot, is_margin, is_future, is_active, is_enable) VALUES 
('forex',	'afn',		'afn_usd',		'5d8ac77faba0a2267e9284c4',  	 '5d8ac77f0e6c2f17c1087df9',     true,      true,   true,    true,  true),
('forex',	'dzd',		'dzd_usd',		'5d8ac77f7342fc24cc67b90c',  	 '5d8ac77f0e6c2f17c1087df9',     true,      true,   true,    true,  true),
('forex',	'ars',		'ars_usd',		'5d8ac77fad6b1e79e5efb81e',  	 '5d8ac77f0e6c2f17c1087df9',     true,      true,   true,    true,  true),
('forex',	'amd',		'amd_usd',		'5d8ac77fe02442a3b1ba5972',  	 '5d8ac77f0e6c2f17c1087df9',     true,      true,   true,    true,  true),
('forex',	'awg',		'awg_usd',		'5d8ac77fbbd460b5ae7b6302',  	 '5d8ac77f0e6c2f17c1087df9',     true,      true,   true,    true,  true),
('forex',	'aud',		'aud_usd',		'5d8ac77fe27a4c7732389868',  	 '5d8ac77f0e6c2f17c1087df9',     true,      true,   true,    true,  true),
('forex',	'azn',		'azn_usd',		'5d8ac77fc732b6814e71f831',  	 '5d8ac77f0e6c2f17c1087df9',     true,      true,   true,    true,  true),
('forex',	'bsd',		'bsd_usd',		'5d8ac77f5582a04c28c3a31a',  	 '5d8ac77f0e6c2f17c1087df9',     true,      true,   true,    true,  true),
('forex',	'bhd',		'bhd_usd',		'5d8ac77faf728cdbc3f4a53e',  	 '5d8ac77f0e6c2f17c1087df9',     true,      true,   true,    true,  true),
('forex',	'thb',		'thb_usd',		'5d8ac77f0811eb919b9805fd',  	 '5d8ac77f0e6c2f17c1087df9',     true,      true,   true,    true,  true),
('forex',	'pab',		'pab_usd',		'5d8ac77f13e3dc5ae64c5c46',  	 '5d8ac77f0e6c2f17c1087df9',     true,      true,   true,    true,  true),
('forex',	'bbd',		'bbd_usd',		'5d8ac77f4302095df9ec7cfb',  	 '5d8ac77f0e6c2f17c1087df9',     true,      true,   true,    true,  true),
('forex',	'byn',		'byn_usd',		'5d8ac77f51f7420f3e2d45ac',  	 '5d8ac77f0e6c2f17c1087df9',     true,      true,   true,    true,  true),
('forex',	'bzd',		'bzd_usd',		'5d8ac77f62860661076f425b',  	 '5d8ac77f0e6c2f17c1087df9',     true,      true,   true,    true,  true),
('forex',	'bmd',		'bmd_usd',		'5d8ac77f3bde8dded8c1ac84',  	 '5d8ac77f0e6c2f17c1087df9',     true,      true,   true,    true,  true),
('forex',	'vef',		'vef_usd',		'5d8ac77ff4dd3681fae9375a',  	 '5d8ac77f0e6c2f17c1087df9',     true,      true,   true,    true,  true),
('forex',	'bob',		'bob_usd',		'5d8ac77f5a1f3dace0c98801',  	 '5d8ac77f0e6c2f17c1087df9',     true,      true,   true,    true,  true),
('forex',	'brl',		'brl_usd',		'5d8ac77f9e55c892561c735f',  	 '5d8ac77f0e6c2f17c1087df9',     true,      true,   true,    true,  true),
('forex',	'bnd',		'bnd_usd',		'5d8ac77f4bb00649eaaf608b',  	 '5d8ac77f0e6c2f17c1087df9',     true,      true,   true,    true,  true),
('forex',	'bgn',		'bgn_usd',		'5d8ac77f75b36d863cabdecc',  	 '5d8ac77f0e6c2f17c1087df9',     true,      true,   true,    true,  true),
('forex',	'bif',		'bif_usd',		'5d8ac77fbc53091309754f06',  	 '5d8ac77f0e6c2f17c1087df9',     true,      true,   true,    true,  true),
('forex',	'cve',		'cve_usd',		'5d8ac77ff6bcb88ca0dc3b5c',  	 '5d8ac77f0e6c2f17c1087df9',     true,      true,   true,    true,  true),
('forex',	'cad',		'cad_usd',		'5d8ac77fe14d0131529afe9f',  	 '5d8ac77f0e6c2f17c1087df9',     true,      true,   true,    true,  true),
('forex',	'kyd',		'kyd_usd',		'5d8ac77f7f8dec201cf47dc1',  	 '5d8ac77f0e6c2f17c1087df9',     true,      true,   true,    true,  true),
('forex',	'xof',		'xof_usd',		'5d8ac77ff71d17e4ba32601a',  	 '5d8ac77f0e6c2f17c1087df9',     true,      true,   true,    true,  true),
('forex',	'xpf',		'xpf_usd',		'5d8ac77f28b2b5ff41ec5401',  	 '5d8ac77f0e6c2f17c1087df9',     true,      true,   true,    true,  true),
('forex',	'clp',		'clp_usd',		'5d8ac77f1dc9bbb56aaf4667',  	 '5d8ac77f0e6c2f17c1087df9',     true,      true,   true,    true,  true),
('forex',	'cop',		'cop_usd',		'5d8ac77fcf5914115da5a759',  	 '5d8ac77f0e6c2f17c1087df9',     true,      true,   true,    true,  true),
('forex',	'kmf',		'kmf_usd',		'5d8ac77fd532f00763c39fdd',  	 '5d8ac77f0e6c2f17c1087df9',     true,      true,   true,    true,  true),
('forex',	'cdf',		'cdf_usd',		'5d8ac77ff8d1e27311408a8c',  	 '5d8ac77f0e6c2f17c1087df9',     true,      true,   true,    true,  true),
('forex',	'bam',		'bam_usd',		'5d8ac77f4cca874b0330e505',  	 '5d8ac77f0e6c2f17c1087df9',     true,      true,   true,    true,  true),
('forex',	'nio',		'nio_usd',		'5d8ac77f8fdc72e7eb0fc4f3',  	 '5d8ac77f0e6c2f17c1087df9',     true,      true,   true,    true,  true),
('forex',	'crc',		'crc_usd',		'5d8ac77f58e14cb1010aa2ad',  	 '5d8ac77f0e6c2f17c1087df9',     true,      true,   true,    true,  true),
('forex',	'cup',		'cup_usd',		'5d8ac77fd6f0f0b7defa032c',  	 '5d8ac77f0e6c2f17c1087df9',     true,      true,   true,    true,  true),
('forex',	'czk',		'czk_usd',		'5d8ac77fc35597a92276da25',  	 '5d8ac77f0e6c2f17c1087df9',     true,      true,   true,    true,  true),
('forex',	'gmd',		'gmd_usd',		'5d8ac77f5dcf8cd26fc96696',  	 '5d8ac77f0e6c2f17c1087df9',     true,      true,   true,    true,  true),
('forex',	'dkk',		'dkk_usd',		'5d8ac77f2eca630de4c3dd3b',  	 '5d8ac77f0e6c2f17c1087df9',     true,      true,   true,    true,  true),
('forex',	'mkd',		'mkd_usd',		'5d8ac77ff7364948a6a33934',  	 '5d8ac77f0e6c2f17c1087df9',     true,      true,   true,    true,  true),
('forex',	'djf',		'djf_usd',		'5d8ac77f57feaa0c2eec269c',  	 '5d8ac77f0e6c2f17c1087df9',     true,      true,   true,    true,  true),
('forex',	'std',		'std_usd',		'5d8ac77fdbc76229349c0f2b',  	 '5d8ac77f0e6c2f17c1087df9',     true,      true,   true,    true,  true),
('forex',	'dop',		'dop_usd',		'5d8ac77fdd5028f78313e690',  	 '5d8ac77f0e6c2f17c1087df9',     true,      true,   true,    true,  true),
('forex',	'vnd',		'vnd_usd',		'5d8ac77fa46f46635e428eb8',  	 '5d8ac77f0e6c2f17c1087df9',     true,      true,   true,    true,  true),
('forex',	'xcd',		'xcd_usd',		'5d8ac77f3b89e3c08cf47d06',  	 '5d8ac77f0e6c2f17c1087df9',     true,      true,   true,    true,  true),
('forex',	'egp',		'egp_usd',		'5d8ac77fa75e2e9aff128446',  	 '5d8ac77f0e6c2f17c1087df9',     true,      true,   true,    true,  true),
('forex',	'svc',		'svc_usd',		'5d8ac77fa7941ebb381e9954',  	 '5d8ac77f0e6c2f17c1087df9',     true,      true,   true,    true,  true),
('forex',	'etb',		'etb_usd',		'5d8ac77f2d8cb116fe31689f',  	 '5d8ac77f0e6c2f17c1087df9',     true,      true,   true,    true,  true),
('forex',	'eur',		'eur_usd',		'5d8ac77fa31d049dde4c0158',  	 '5d8ac77f0e6c2f17c1087df9',     true,      true,   true,    true,  true),
('forex',	'fjd',		'fjd_usd',		'5d8ac77f6d999aabe86d2739',  	 '5d8ac77f0e6c2f17c1087df9',     true,      true,   true,    true,  true),
('forex',	'huf',		'huf_usd',		'5d8ac77f26f324efa498b44b',  	 '5d8ac77f0e6c2f17c1087df9',     true,      true,   true,    true,  true),
('forex',	'ghs',		'ghs_usd',		'5d8ac77fa084c59e9a16a513',  	 '5d8ac77f0e6c2f17c1087df9',     true,      true,   true,    true,  true),
('forex',	'gip',		'gip_usd',		'5d8ac77f579b58d5e7eafba8',  	 '5d8ac77f0e6c2f17c1087df9',     true,      true,   true,    true,  true),
('forex',	'htg',		'htg_usd',		'5d8ac77f71cdc53c6f10a915',  	 '5d8ac77f0e6c2f17c1087df9',     true,      true,   true,    true,  true),
('forex',	'pyg',		'pyg_usd',		'5d8ac77f7d2728ed86d917fb',  	 '5d8ac77f0e6c2f17c1087df9',     true,      true,   true,    true,  true),
('forex',	'gnf',		'gnf_usd',		'5d8ac77f9cbf48a4dcb4f2e2',  	 '5d8ac77f0e6c2f17c1087df9',     true,      true,   true,    true,  true),
('forex',	'gyd',		'gyd_usd',		'5d8ac77f3f209a7a2823abc0',  	 '5d8ac77f0e6c2f17c1087df9',     true,      true,   true,    true,  true),
('forex',	'hkd',		'hkd_usd',		'5d8ac77fb91457eb72bac69e',  	 '5d8ac77f0e6c2f17c1087df9',     true,      true,   true,    true,  true),
('forex',	'uah',		'uah_usd',		'5d8ac77fa5616ebde18c4107',  	 '5d8ac77f0e6c2f17c1087df9',     true,      true,   true,    true,  true),
('forex',	'isk',		'isk_usd',		'5d8ac77f54674aea2c10f527',  	 '5d8ac77f0e6c2f17c1087df9',     true,      true,   true,    true,  true),
('forex',	'inr',		'inr_usd',		'5d8ac77f0204c04a85a6b027',  	 '5d8ac77f0e6c2f17c1087df9',     true,      true,   true,    true,  true),
('forex',	'irr',		'irr_usd',		'5d8ac77f2379e2dbed42c230',  	 '5d8ac77f0e6c2f17c1087df9',     true,      true,   true,    true,  true),
('forex',	'iqd',		'iqd_usd',		'5d8ac77f397933117dabf16b',  	 '5d8ac77f0e6c2f17c1087df9',     true,      true,   true,    true,  true),
('forex',	'jmd',		'jmd_usd',		'5d8ac77f88760cc2b5d457f1',  	 '5d8ac77f0e6c2f17c1087df9',     true,      true,   true,    true,  true),
('forex',	'jod',		'jod_usd',		'5d8ac77f3ba300da34538b11',  	 '5d8ac77f0e6c2f17c1087df9',     true,      true,   true,    true,  true),
('forex',	'kes',		'kes_usd',		'5d8ac77f3d3c6ddea905d20c',  	 '5d8ac77f0e6c2f17c1087df9',     true,      true,   true,    true,  true),
('forex',	'pgk',		'pgk_usd',		'5d8ac77f81c3ebfdedcbf67f',  	 '5d8ac77f0e6c2f17c1087df9',     true,      true,   true,    true,  true),
('forex',	'hrk',		'hrk_usd',		'5d8ac77f9ec44dc3f5692948',  	 '5d8ac77f0e6c2f17c1087df9',     true,      true,   true,    true,  true),
('forex',	'kwd',		'kwd_usd',		'5d8ac77f08306bcbb2839585',  	 '5d8ac77f0e6c2f17c1087df9',     true,      true,   true,    true,  true),
('forex',	'aoa',		'aoa_usd',		'5d8ac77f812670e94c12c3d6',  	 '5d8ac77f0e6c2f17c1087df9',     true,      true,   true,    true,  true),
('forex',	'mmk',		'mmk_usd',		'5d8ac77fb14e31c57aa4b238',  	 '5d8ac77f0e6c2f17c1087df9',     true,      true,   true,    true,  true),
('forex',	'lak',		'lak_usd',		'5d8ac77f550917397dc8771d',  	 '5d8ac77f0e6c2f17c1087df9',     true,      true,   true,    true,  true),
('forex',	'gel',		'gel_usd',		'5d8ac77f31f7eeb844868d43',  	 '5d8ac77f0e6c2f17c1087df9',     true,      true,   true,    true,  true),
('forex',	'lbp',		'lbp_usd',		'5d8ac77fc3273123bc7b0e1e',  	 '5d8ac77f0e6c2f17c1087df9',     true,      true,   true,    true,  true),
('forex',	'all',		'all_usd',		'5d8ac77f20eedd4ed77189dd',  	 '5d8ac77f0e6c2f17c1087df9',     true,      true,   true,    true,  true),
('forex',	'hnl',		'hnl_usd',		'5d8ac77f6938fc5ed85da612',  	 '5d8ac77f0e6c2f17c1087df9',     true,      true,   true,    true,  true),
('forex',	'sll',		'sll_usd',		'5d8ac77fac78089d544f3a5e',  	 '5d8ac77f0e6c2f17c1087df9',     true,      true,   true,    true,  true),
('forex',	'lrd',		'lrd_usd',		'5d8ac77fdaff52d82f63602f',  	 '5d8ac77f0e6c2f17c1087df9',     true,      true,   true,    true,  true),
('forex',	'lyd',		'lyd_usd',		'5d8ac77fa5827a150ea55b20',  	 '5d8ac77f0e6c2f17c1087df9',     true,      true,   true,    true,  true),
('forex',	'szl',		'szl_usd',		'5d8ac77fa211354923237883',  	 '5d8ac77f0e6c2f17c1087df9',     true,      true,   true,    true,  true),
('forex',	'lsl',		'lsl_usd',		'5d8ac77f9a14d40138a3257e',  	 '5d8ac77f0e6c2f17c1087df9',     true,      true,   true,    true,  true),
('forex',	'mga',		'mga_usd',		'5d8ac77f502a700f4b2a78a6',  	 '5d8ac77f0e6c2f17c1087df9',     true,      true,   true,    true,  true),
('forex',	'mwk',		'mwk_usd',		'5d8ac77f094d9936ef492fd6',  	 '5d8ac77f0e6c2f17c1087df9',     true,      true,   true,    true,  true),
('forex',	'myr',		'myr_usd',		'5d8ac77f9dd7a95a8a6673ac',  	 '5d8ac77f0e6c2f17c1087df9',     true,      true,   true,    true,  true),
('forex',	'mur',		'mur_usd',		'5d8ac77f8fb1b4888a35fbc9',  	 '5d8ac77f0e6c2f17c1087df9',     true,      true,   true,    true,  true),
('forex',	'mxn',		'mxn_usd',		'5d8ac77ff2eddb489bc94fc5',  	 '5d8ac77f0e6c2f17c1087df9',     true,      true,   true,    true,  true),
('forex',	'mdl',		'mdl_usd',		'5d8ac77f44a33e58cee60301',  	 '5d8ac77f0e6c2f17c1087df9',     true,      true,   true,    true,  true),
('forex',	'mad',		'mad_usd',		'5d8ac77f7f4c23e46b5725ab',  	 '5d8ac77f0e6c2f17c1087df9',     true,      true,   true,    true,  true),
('forex',	'mzn',		'mzn_usd',		'5d8ac77f0db0f06e015707f5',  	 '5d8ac77f0e6c2f17c1087df9',     true,      true,   true,    true,  true),
('forex',	'ngn',		'ngn_usd',		'5d8ac77f432ed17c6b7b6c2a',  	 '5d8ac77f0e6c2f17c1087df9',     true,      true,   true,    true,  true),
('forex',	'ern',		'ern_usd',		'5d8ac77f3b27a13c0f710d1a',  	 '5d8ac77f0e6c2f17c1087df9',     true,      true,   true,    true,  true),
('forex',	'nad',		'nad_usd',		'5d8ac77f77566f804acc0b36',  	 '5d8ac77f0e6c2f17c1087df9',     true,      true,   true,    true,  true),
('forex',	'npr',		'npr_usd',		'5d8ac77ff39a24fa837d1cce',  	 '5d8ac77f0e6c2f17c1087df9',     true,      true,   true,    true,  true),
('forex',	'ang',		'ang_usd',		'5d8ac77ff093945eab398b66',  	 '5d8ac77f0e6c2f17c1087df9',     true,      true,   true,    true,  true),
('forex',	'ils',		'ils_usd',		'5d8ac77ff313dc19abf4ab5c',  	 '5d8ac77f0e6c2f17c1087df9',     true,      true,   true,    true,  true),
('forex',	'btn',		'btn_usd',		'5d8ac77f645cfebccc7d46e9',  	 '5d8ac77f0e6c2f17c1087df9',     true,      true,   true,    true,  true),
('forex',	'kpw',		'kpw_usd',		'5d8ac77f153be66a35758e74',  	 '5d8ac77f0e6c2f17c1087df9',     true,      true,   true,    true,  true),
('forex',	'nok',		'nok_usd',		'5d8ac77f9904ab8db11c5685',  	 '5d8ac77f0e6c2f17c1087df9',     true,      true,   true,    true,  true),
('forex',	'mro',		'mro_usd',		'5d8ac77ff0926cd95866dc83',  	 '5d8ac77f0e6c2f17c1087df9',     true,      true,   true,    true,  true),
('forex',	'top',		'top_usd',		'5d8ac77f6503d64d0e59db76',  	 '5d8ac77f0e6c2f17c1087df9',     true,      true,   true,    true,  true),
('forex',	'pkr',		'pkr_usd',		'5d8ac77ffb60002082c16b6d',  	 '5d8ac77f0e6c2f17c1087df9',     true,      true,   true,    true,  true),
('forex',	'mop',		'mop_usd',		'5d8ac77f8d2d6d7cb044b405',  	 '5d8ac77f0e6c2f17c1087df9',     true,      true,   true,    true,  true),
('forex',	'cuc',		'cuc_usd',		'5d8ac77f54d13f30488a0d9b',  	 '5d8ac77f0e6c2f17c1087df9',     true,      true,   true,    true,  true),
('forex',	'uyu',		'uyu_usd',		'5d8ac77f9eba97d8f794b84d',  	 '5d8ac77f0e6c2f17c1087df9',     true,      true,   true,    true,  true),
('forex',	'php',		'php_usd',		'5d8ac77fdec14f9f99b6dfd1',  	 '5d8ac77f0e6c2f17c1087df9',     true,      true,   true,    true,  true),
('forex',	'gbp',		'gbp_usd',		'5d8ac77ff2e24222a2434d02',  	 '5d8ac77f0e6c2f17c1087df9',     true,      true,   true,    true,  true),
('forex',	'bwp',		'bwp_usd',		'5d8ac77f5d87b08af2071387',  	 '5d8ac77f0e6c2f17c1087df9',     true,      true,   true,    true,  true),
('forex',	'qar',		'qar_usd',		'5d8ac77ffaf0b565c0cbb5b2',  	 '5d8ac77f0e6c2f17c1087df9',     true,      true,   true,    true,  true),
('forex',	'gtq',		'gtq_usd',		'5d8ac77f4724c3d57c7bc0cd',  	 '5d8ac77f0e6c2f17c1087df9',     true,      true,   true,    true,  true),
('forex',	'zar',		'zar_usd',		'5d8ac77fc6c1ed4bcced2385',  	 '5d8ac77f0e6c2f17c1087df9',     true,      true,   true,    true,  true),
('forex',	'omr',		'omr_usd',		'5d8ac77f6e678ede7fc61838',  	 '5d8ac77f0e6c2f17c1087df9',     true,      true,   true,    true,  true),
('forex',	'khr',		'khr_usd',		'5d8ac77fe8270b468781c2d6',  	 '5d8ac77f0e6c2f17c1087df9',     true,      true,   true,    true,  true),
('forex',	'ron',		'ron_usd',		'5d8ac77fbd849eb8194cd9be',  	 '5d8ac77f0e6c2f17c1087df9',     true,      true,   true,    true,  true),
('forex',	'mvr',		'mvr_usd',		'5d8ac77fcba7171357f95aa7',  	 '5d8ac77f0e6c2f17c1087df9',     true,      true,   true,    true,  true),
('forex',	'idr',		'idr_usd',		'5d8ac77fc582fc88021e8c91',  	 '5d8ac77f0e6c2f17c1087df9',     true,      true,   true,    true,  true),
('forex',	'rub',		'rub_usd',		'5d8ac77f9ccf146aa980bc78',  	 '5d8ac77f0e6c2f17c1087df9',     true,      true,   true,    true,  true),
('forex',	'rwf',		'rwf_usd',		'5d8ac77fd84b7eefed609648',  	 '5d8ac77f0e6c2f17c1087df9',     true,      true,   true,    true,  true),
('forex',	'shp',		'shp_usd',		'5d8ac77f6047f32bfd0becdb',  	 '5d8ac77f0e6c2f17c1087df9',     true,      true,   true,    true,  true),
('forex',	'sar',		'sar_usd',		'5d8ac77f279748f9a982fa36',  	 '5d8ac77f0e6c2f17c1087df9',     true,      true,   true,    true,  true),
('forex',	'rsd',		'rsd_usd',		'5d8ac77f7ed5247fa8814abd',  	 '5d8ac77f0e6c2f17c1087df9',     true,      true,   true,    true,  true),
('forex',	'scr',		'scr_usd',		'5d8ac77f18ef44eaaefa7d13',  	 '5d8ac77f0e6c2f17c1087df9',     true,      true,   true,    true,  true),
('forex',	'sgd',		'sgd_usd',		'5d8ac77f9a3ab1da08685741',  	 '5d8ac77f0e6c2f17c1087df9',     true,      true,   true,    true,  true),
('forex',	'sbd',		'sbd_usd',		'5d8ac77f47498be948a9aa15',  	 '5d8ac77f0e6c2f17c1087df9',     true,      true,   true,    true,  true),
('forex',	'pen',		'pen_usd',		'5d8ac77f6cc3f97d4637598e',  	 '5d8ac77f0e6c2f17c1087df9',     true,      true,   true,    true,  true),
('forex',	'sos',		'sos_usd',		'5d8ac77fb46cd29e99464491',  	 '5d8ac77f0e6c2f17c1087df9',     true,      true,   true,    true,  true),
('forex',	'kgs',		'kgs_usd',		'5d8ac77fcd41222645f72f09',  	 '5d8ac77f0e6c2f17c1087df9',     true,      true,   true,    true,  true),
('forex',	'tjs',		'tjs_usd',		'5d8ac77f007f9a6880dd1b92',  	 '5d8ac77f0e6c2f17c1087df9',     true,      true,   true,    true,  true),
('forex',	'ssp',		'ssp_usd',		'5d8ac77f1279cd9dbab0c1cb',  	 '5d8ac77f0e6c2f17c1087df9',     true,      true,   true,    true,  true),
('forex',	'lkr',		'lkr_usd',		'5d8ac77f317b0c980042ef02',  	 '5d8ac77f0e6c2f17c1087df9',     true,      true,   true,    true,  true),
('forex',	'sdg',		'sdg_usd',		'5d8ac77f055ef2ac4cbff24a',  	 '5d8ac77f0e6c2f17c1087df9',     true,      true,   true,    true,  true),
('forex',	'srd',		'srd_usd',		'5d8ac77ff5ec03801da36e85',  	 '5d8ac77f0e6c2f17c1087df9',     true,      true,   true,    true,  true),
('forex',	'sek',		'sek_usd',		'5d8ac77f3cb1136db7d3bad5',  	 '5d8ac77f0e6c2f17c1087df9',     true,      true,   true,    true,  true),
('forex',	'chf',		'chf_usd',		'5d8ac77f4c392c65c20f9e7b',  	 '5d8ac77f0e6c2f17c1087df9',     true,      true,   true,    true,  true),
('forex',	'syp',		'syp_usd',		'5d8ac77ff14444b4c62699ea',  	 '5d8ac77f0e6c2f17c1087df9',     true,      true,   true,    true,  true),
('forex',	'bdt',		'bdt_usd',		'5d8ac77fd20264582db09742',  	 '5d8ac77f0e6c2f17c1087df9',     true,      true,   true,    true,  true),
('forex',	'wst',		'wst_usd',		'5d8ac77fd2c84703ef19fc85',  	 '5d8ac77f0e6c2f17c1087df9',     true,      true,   true,    true,  true),
('forex',	'tzs',		'tzs_usd',		'5d8ac77fe5708eea2e56305c',  	 '5d8ac77f0e6c2f17c1087df9',     true,      true,   true,    true,  true),
('forex',	'kzt',		'kzt_usd',		'5d8ac77fa89c804d13740ab3',  	 '5d8ac77f0e6c2f17c1087df9',     true,      true,   true,    true,  true),
('forex',	'ttd',		'ttd_usd',		'5d8ac77f57bd6ececee00790',  	 '5d8ac77f0e6c2f17c1087df9',     true,      true,   true,    true,  true),
('forex',	'mnt',		'mnt_usd',		'5d8ac77f121c97b6db25529c',  	 '5d8ac77f0e6c2f17c1087df9',     true,      true,   true,    true,  true),
('forex',	'tnd',		'tnd_usd',		'5d8ac77ff6e3444106cf8bb0',  	 '5d8ac77f0e6c2f17c1087df9',     true,      true,   true,    true,  true),
('forex',	'try',		'try_usd',		'5d8ac77f10369807c8adce0d',  	 '5d8ac77f0e6c2f17c1087df9',     true,      true,   true,    true,  true),
('forex',	'tmt',		'tmt_usd',		'5d8ac77f26dade6cd1e76484',  	 '5d8ac77f0e6c2f17c1087df9',     true,      true,   true,    true,  true),
('forex',	'aed',		'aed_usd',		'5d8ac77fee35742aa5516873',  	 '5d8ac77f0e6c2f17c1087df9',     true,      true,   true,    true,  true),
('forex',	'ugx',		'ugx_usd',		'5d8ac77f72ec0420f7e377b0',  	 '5d8ac77f0e6c2f17c1087df9',     true,      true,   true,    true,  true),
('forex',	'usd',		'usd_usd',		'5d8ac77f0e6c2f17c1087df9',  	 '5d8ac77f0e6c2f17c1087df9',     true,      true,   true,    true,  true),
('forex',	'uzs',		'uzs_usd',		'5d8ac77f4c6bd02e854d38d8',  	 '5d8ac77f0e6c2f17c1087df9',     true,      true,   true,    true,  true),
('forex',	'vuv',		'vuv_usd',		'5d8ac77f9261c90acc80a03e',  	 '5d8ac77f0e6c2f17c1087df9',     true,      true,   true,    true,  true),
('forex',	'krw',		'krw_usd',		'5d8ac77ff26a6467c589f9d8',  	 '5d8ac77f0e6c2f17c1087df9',     true,      true,   true,    true,  true),
('forex',	'yer',		'yer_usd',		'5d8ac77f1ba4ff132601daa5',  	 '5d8ac77f0e6c2f17c1087df9',     true,      true,   true,    true,  true),
('forex',	'jpy',		'jpy_usd',		'5d8ac77f9d3e625c8a48b201',  	 '5d8ac77f0e6c2f17c1087df9',     true,      true,   true,    true,  true),
('forex',	'cny',		'cny_usd',		'5d8ac77f8cd1d80f1cc1682a',  	 '5d8ac77f0e6c2f17c1087df9',     true,      true,   true,    true,  true),
('forex',	'zmw',		'zmw_usd',		'5d8ac77f7e706b83da7916d2',  	 '5d8ac77f0e6c2f17c1087df9',     true,      true,   true,    true,  true),
('forex',	'zwl',		'zwl_usd',		'5d8ac77fb8bf7869b0a54e37',  	 '5d8ac77f0e6c2f17c1087df9',     true,      true,   true,    true,  true),
('forex',	'pln',		'pln_usd',		'5d8ac77f636f665a75f9a8e9',  	 '5d8ac77f0e6c2f17c1087df9',     true,      true,   true,    true,  true);
